{"timestamp":1748778976436,"random":0.19948149235498036,"counter":120,"data":[0.053708885300813414,0.6544263892473303,0.8892674788676005,0.6699399872131373,0.08371727042047739]}
