{"timestamp":1748778095193,"random":0.6328131832783823,"counter":394,"data":[0.1978912619576867,0.195785097662317,0.6470143371648454]}
