{"timestamp":1748777722523,"random":0.2567995047554976,"counter":750,"data":[0.43511853616213814,0.8327250184146313,0.7544266560232542]}
