{"timestamp":1748777551788,"random":0.14893317597180866,"counter":193,"data":[0.8787623641742786]}
