{"timestamp":1748777274233,"random":0.13300075321711757,"counter":727,"data":[0.5115897724746512,0.08380968940746203]}
