{"timestamp":1748778177399,"random":0.47790960765343926,"counter":842,"data":[0.9233808224264288,0.8710534313743621,0.8333839065294955,0.1308620172309809,0.567231583377898]}
