{"timestamp":1748778530995,"random":0.6154828822123755,"counter":484,"data":[0.24540471370915817,0.07114536692329954,0.6231580615915231,0.13571187065026846]}
