{"timestamp":1748777996471,"random":0.6636489073780305,"counter":349,"data":[0.974143412719706,0.5794209187424817,0.6160452293707888]}
