{"timestamp":1748777839902,"random":0.10619318906100239,"counter":452,"data":[0.14720245952410482,0.6838485477543386,0.7519750940819587,0.5880534616796802,0.05339638685213499]}
