{"timestamp":1748778177023,"random":0.3515431135871758,"counter":725,"data":[0.49252006353277933,0.6654529187229101,0.7897814653726987]}
