{"timestamp":1748778945903,"random":0.9717161379711796,"counter":720,"data":[0.4361961521465929,0.8672813095302903]}
