{"timestamp":1748777716123,"random":0.3720375743516724,"counter":54,"data":[0.03973753128413415,0.06490904661356378,0.37301329048226184]}
