{"timestamp":1748777465428,"random":0.2416410515613281,"counter":326,"data":[0.538771914937527,0.9514090741555608,0.3907399319083029,0.6525035130365497]}
