{"timestamp":1748778527171,"random":0.03756382634391198,"counter":561,"data":[0.7072777126810461,0.6508260163431128]}
