{"timestamp":1748777700559,"random":0.7714902022746912,"counter":67,"data":[0.8983942415608861,0.44820731735567887,0.5250364621899546,0.7468988416370617,0.3650222131359273]}
