{"timestamp":1748777754622,"random":0.37021246755312753,"counter":223,"data":[0.05787298058759327,0.5220681445673685,0.2320420369830991]}
