{"timestamp":1748777551063,"random":0.5338813839153098,"counter":557,"data":[0.6080302128495578]}
