{"timestamp":1748778634228,"random":0.345039278330584,"counter":355,"data":[0.20679244394288387,0.11328017431376924,0.25819342308266147,0.4681062890211085,0.5520045424875024]}
