{"timestamp":1748777323505,"random":0.7189924141209927,"counter":812,"data":[0.6248777884675509,0.267550868563031,0.7399728777372305]}
