{"timestamp":1748777147266,"random":0.47271004506718994,"counter":262,"data":[0.4010996128948574,0.4431646287866111]}
