{"timestamp":1748777074577,"random":0.9825774208514866,"counter":414,"data":[0.7129440789783337,0.14336027627945347,0.2739928756289922,0.3799688833872965]}
