{"timestamp":1748777597797,"random":0.9760114941812454,"counter":675,"data":[0.24487289631818654]}
