{"timestamp":1748777258428,"random":0.5796007786626802,"counter":767,"data":[0.7878193996148293]}
