{"timestamp":1748777459068,"random":0.953050608430126,"counter":709,"data":[0.42855418885076335,0.6411529823270397,0.32841201011169097,0.2406557564021392]}
