{"timestamp":1748777465060,"random":0.6686521362335718,"counter":599,"data":[0.6839052243003707,0.9866387475764176,0.8401882073786184,0.9990644251237355,0.14517558272577635]}
