{"timestamp":1748777142316,"random":0.055902743031293056,"counter":430,"data":[0.28965160010978486,0.4385227732029595,0.1795907130511496,0.25169254738362334]}
