{"timestamp":1748778135070,"random":0.7273538818027196,"counter":62,"data":[0.33284290793116167,0.25990961646429067,0.05864347179720664,0.09128360209495767,0.019953860564104975]}
