{"timestamp":1748778405657,"random":0.02219534357635955,"counter":164,"data":[0.03851727579593578,0.3952500955116618,0.8238039901912053]}
