{"timestamp":1748778927888,"random":0.5036303664282469,"counter":432,"data":[0.14890493227096702,0.29297092490486376]}
