{"timestamp":1748778400745,"random":0.3235432344961564,"counter":474,"data":[0.26373464466953855,0.38172788368032573,0.993085844453564,0.6259904204681779]}
