{"timestamp":1748778134698,"random":0.5006471562755628,"counter":817,"data":[0.35057003281789845]}
