{"timestamp":1748777360857,"random":0.8409503626960317,"counter":587,"data":[0.26428195108033825,0.6681264103755578]}
