{"timestamp":1748777244109,"random":0.5373806594583119,"counter":924,"data":[0.19680293721324982,0.6018312904986258,0.30309711671658035]}
