{"timestamp":1748778526421,"random":0.22653199127653223,"counter":966,"data":[0.38236766218742413,0.6562741032250898,0.38669105391641656,0.7800927224088119,0.4713949998386111]}
