{"timestamp":1748777102503,"random":0.5505034484608826,"counter":201,"data":[0.7312241748580679,0.1288182614370259,0.9536607786593199]}
