{"timestamp":1748777195459,"random":0.5263219502868557,"counter":127,"data":[0.42008529735106626,0.9467603192106573,0.23830802963830577,0.9255447553873977]}
