{"timestamp":1748778023764,"random":0.8427352890826492,"counter":457,"data":[0.07088673119465949,0.04627770131574449,0.634278980835798]}
