{"timestamp":1748777075335,"random":0.914420126593606,"counter":261,"data":[0.5735763969255614,0.9755389942445833]}
