{"timestamp":1748777658347,"random":0.954739555968281,"counter":235,"data":[0.7439462412082485,0.6722052039898934,0.6158713772007838,0.15225328098692725,0.4987501823305187]}
