{"timestamp":1748778842115,"random":0.7210322273141432,"counter":630,"data":[0.36600926771356224,0.2998959612031522,0.9122813907388156,0.30960487297249917]}
