{"timestamp":1748778798193,"random":0.9977240343782845,"counter":25,"data":[0.4129704051833032,0.7658244494188307,0.8526526055981769,0.24262596682605087]}
