{"timestamp":1748778684048,"random":0.03608312320995943,"counter":893,"data":[0.3611617253324142,0.5333392988824808,0.2637084235902567,0.0031093115706659624]}
