{"timestamp":1748778768884,"random":0.3443596757207401,"counter":775,"data":[0.27029816352113745,0.7091610604705223,0.2779522797178513,0.39564139763533945,0.10393049984851]}
