{"timestamp":1748778444426,"random":0.7338218096043072,"counter":250,"data":[0.9603522621470266]}
