{"timestamp":1748777502150,"random":0.34882644105047556,"counter":470,"data":[0.4034852721066342,0.6102955547543587,0.9334908824232888,0.6785144654389836,0.7054756841688596]}
